﻿pos_x,pos_y,rotation,side,designator,mpn,pack,value,mount_type,place
170.2714,-73.0715,0.0,bottom,BT1,,BAT_BC1_3N,BC1_3N,tht,True
162.4591,-62.4452,90.0,top,D1,,LED_0805_2012Metric_Pad1.15x1.40mm_HandSolder,LED,smt,True
162.4624,-70.5144,90.0,top,D2,,LED_0805_2012Metric_Pad1.15x1.40mm_HandSolder,LED,smt,True
162.4347,-78.4738,90.0,top,D3,,LED_0805_2012Metric_Pad1.15x1.40mm_HandSolder,LED,smt,True
170.4403,-70.5279,90.0,top,D4,,LED_0805_2012Metric_Pad1.15x1.40mm_HandSolder,LED,smt,True
178.4855,-62.4452,90.0,top,D5,,LED_0805_2012Metric_Pad1.15x1.40mm_HandSolder,LED,smt,True
178.4788,-70.5144,90.0,top,D6,,LED_0805_2012Metric_Pad1.15x1.40mm_HandSolder,LED,smt,True
178.4754,-78.5057,90.0,top,D7,,LED_0805_2012Metric_Pad1.15x1.40mm_HandSolder,LED,smt,True
165.0038,-62.0258,0.0,top,J1,,PinHeader_1x02_P2.00mm_Vertical,Conn_01x02_Socket,tht,True
175.9037,-62.0,0.0,top,J2,,PinHeader_1x01_P2.00mm_Vertical,Conn_01x01_Socket,tht,True
167.386,-78.232,90.0,top,J3,,PinHeader_1x06_P1.27mm_Vertical,Conn_01x06_Socket,tht,True
174.7324,-68.1164,90.0,top,R1,,R_0603_1608Metric_Pad0.98x0.95mm_HandSolder,680k,smt,True
162.306,-66.294,90.0,top,R2,,R_0603_1608Metric_Pad0.98x0.95mm_HandSolder,560R,smt,True
164.513,-70.3854,90.0,top,R3,,R_0603_1608Metric_Pad0.98x0.95mm_HandSolder,560R,smt,True
162.306,-74.676,-90.0,top,R4,,R_0603_1608Metric_Pad0.98x0.95mm_HandSolder,560R,smt,True
172.4635,-70.4424,90.0,top,R5,,R_0603_1608Metric_Pad0.98x0.95mm_HandSolder,560R,smt,True
177.546,-66.548,90.0,top,R6,,R_0603_1608Metric_Pad0.98x0.95mm_HandSolder,560R,smt,True
179.324,-66.548,-90.0,top,R7,,R_0603_1608Metric_Pad0.98x0.95mm_HandSolder,560R,smt,True
178.4823,-74.676,-90.0,top,R8,,R_0603_1608Metric_Pad0.98x0.95mm_HandSolder,560R,smt,True
170.7835,-71.2328,-90.0,bottom,U1,,SOIC-8W_5.3x5.3mm_P1.27mm,ATtiny85-20S,smt,True
