﻿designator,quantity,value,pack,mpn,mount_type
BT1,1,BC1_3N,BAT_BC1_3N,,tht
"D1, D2, D3, D4, D5, D6, D7",7,LED,LED_0805_2012Metric_Pad1.15x1.40mm_HandSolder,,smt
J1,1,Conn_01x02_Socket,PinHeader_1x02_P2.00mm_Vertical,,tht
J2,1,Conn_01x01_Socket,PinHeader_1x01_P2.00mm_Vertical,,tht
J3,1,Conn_01x06_Socket,PinHeader_1x06_P1.27mm_Vertical,,tht
R1,1,680k,R_0603_1608Metric_Pad0.98x0.95mm_HandSolder,,smt
"R2, R3, R4, R5, R6, R7, R8",7,560R,R_0603_1608Metric_Pad0.98x0.95mm_HandSolder,,smt
U1,1,ATtiny85-20S,SOIC-8W_5.3x5.3mm_P1.27mm,,smt
